customer_id,first_name,last_name,email,region
1,Joya,Kalkofer,jkalkofer0@nasa.gov,China
2,Pall,Soldan,psoldan1@about.me,Philippines
3,Dal,Kleinpeltz,dkleinpeltz2@instagram.com,Paraguay
4,Nolan,Upton,nupton3@scientificamerican.com,China
5,Evangelia,Parke,eparke4@state.tx.us,Argentina
6,Stesha,Oxbury,soxbury5@blogspot.com,Andorra
7,Garth,Griggs,ggriggs6@twitpic.com,Philippines
8,Briana,Castille,bcastille7@ameblo.jp,Switzerland
9,Jobie,Dutnall,jdutnall8@flavors.me,Philippines
10,Lira,Kitcatt,lkitcatt9@house.gov,Mexico
11,Fran,Potbury,fpotburya@digg.com,Nigeria
12,Timoteo,Lidbetter,tlidbetterb@samsung.com,Philippines
13,Joshuah,Anglin,janglinc@alexa.com,United Kingdom
14,Julia,Hicken,jhickend@aol.com,Philippines
15,Masha,Raddenbury,mraddenburye@latimes.com,Mayotte
16,Leon,Uccello,luccellof@biglobe.ne.jp,Portugal
17,Alla,Huddlestone,ahuddlestoneg@unicef.org,Thailand
18,Kanya,Tomei,ktomeih@bluehost.com,Peru
19,Conchita,Rowlett,crowletti@deliciousdays.com,France
20,Alain,MacCall,amaccallj@ucoz.com,Kiribati
21,Faythe,Iacovaccio,fiacovacciok@marriott.com,Kazakhstan
22,Annalise,Reggler,aregglerl@jiathis.com,China
23,Deeanne,Vile,dvilem@about.me,Guatemala
24,Sasha,O'Moylan,somoylann@biglobe.ne.jp,Canada
25,Jackquelin,Greeve,jgreeveo@uol.com.br,Burundi
26,Hoebart,Baiyle,hbaiylep@networkadvertising.org,Philippines
27,Ellery,Stuther,estutherq@stanford.edu,France
28,Alexandre,Varsey,avarseyr@fema.gov,Poland
29,Korella,Boughtwood,kboughtwoods@craigslist.org,Portugal
30,Winne,Moorhead,wmoorheadt@narod.ru,China
31,Maurise,Yu,myuu@skyrock.com,China
32,Kathlin,Dibson,kdibsonv@marriott.com,China
33,Hans,Rubinivitz,hrubinivitzw@home.pl,Indonesia
34,Lodovico,Blondelle,lblondellex@goo.ne.jp,China
35,Frederigo,Hacquel,fhacquely@imageshack.us,China
36,Luisa,Indge,lindgez@comsenz.com,Belarus
37,Nerta,Barends,nbarends10@sfgate.com,Philippines
38,Carleton,Deerr,cdeerr11@w3.org,Dominican Republic
39,Asa,Stooders,astooders12@washington.edu,Ecuador
40,Hilario,Bugge,hbugge13@theguardian.com,China
41,Aurlie,Wringe,awringe14@moonfruit.com,Indonesia
42,Jermaine,Ebenezer,jebenezer15@ihg.com,China
43,Patsy,Foffano,pfoffano16@google.it,Poland
44,Derrik,Stewart,dstewart17@plala.or.jp,Brazil
45,Tilda,Calverley,tcalverley18@topsy.com,Indonesia
46,Raleigh,Palffrey,rpalffrey19@google.nl,Colombia
47,Corey,Scafe,cscafe1a@canalblog.com,Philippines
48,Hugibert,Wheatcroft,hwheatcroft1b@disqus.com,United States
49,Dorrie,Lorden,dlorden1c@businessweek.com,Russia
50,Ernesto,Crummey,ecrummey1d@hao123.com,Indonesia
51,Daryle,Tarling,dtarling1e@archive.org,Sweden
52,Shannen,Vaughan,svaughan1f@nymag.com,Portugal
53,Adena,Goreway,agoreway1g@earthlink.net,China
54,Oberon,Augustine,oaugustine1h@creativecommons.org,Cuba
55,Maximilien,Hing,mhing1i@ox.ac.uk,Ethiopia
56,Welbie,Braidon,wbraidon1j@gov.uk,Mexico
57,Caryl,Tricker,ctricker1k@oaic.gov.au,South Korea
58,Teador,Stegel,tstegel1l@princeton.edu,Brazil
59,Theodosia,Mortel,tmortel1m@dropbox.com,Slovenia
60,Gaelan,Benfell,gbenfell1n@about.com,Indonesia
61,Elicia,Eyden,eeyden1o@ovh.net,Portugal
62,Karel,Dorey,kdorey1p@google.ca,Portugal
63,Justis,Wardlaw,jwardlaw1q@gnu.org,China
64,Clareta,Hefner,chefner1r@gnu.org,France
65,Tailor,Sulland,tsulland1s@businesswire.com,Serbia
66,Cammy,Leeburne,cleeburne1t@mlb.com,Honduras
67,Andeee,Kirsopp,akirsopp1u@blogtalkradio.com,Greece
68,Livvy,Canham,lcanham1v@intel.com,Indonesia
69,Nevil,Mack,nmack1w@seattletimes.com,Brazil
70,Paloma,Govan,pgovan1x@blogspot.com,China
71,Paul,Skillington,pskillington1y@latimes.com,China
72,Roarke,Coils,rcoils1z@eepurl.com,Czech Republic
73,Aveline,Walch,awalch20@live.com,Comoros
74,Avictor,Lawrie,alawrie21@hao123.com,China
75,Mel,Robbeke,mrobbeke22@de.vu,China
76,Celine,Pearce,cpearce23@zdnet.com,China
77,Orelia,Abrahmovici,oabrahmovici24@360.cn,Angola
78,Calypso,Janous,cjanous25@wufoo.com,China
79,Valle,Von Helmholtz,vvonhelmholtz26@icio.us,Azerbaijan
80,Astrix,Mackro,amackro27@themeforest.net,China
81,Constance,Kenderdine,ckenderdine28@nytimes.com,Peru
82,Shayne,Searson,ssearson29@soup.io,Iran
83,Riley,Pitney,rpitney2a@businesswire.com,Yemen
84,Granville,Sandeland,gsandeland2b@plala.or.jp,Cuba
85,Trudy,Guiducci,tguiducci2c@ftc.gov,Poland
86,Kaylyn,Singers,ksingers2d@soundcloud.com,China
87,Saraann,Titta,stitta2e@marketwatch.com,Indonesia
88,Claudius,Rollingson,crollingson2f@fema.gov,China
89,Oneida,Stronack,ostronack2g@foxnews.com,Indonesia
90,Madel,Le Moucheux,mlemoucheux2h@ox.ac.uk,Ukraine
91,Alie,Rockey,arockey2i@csmonitor.com,Peru
92,John,Scholar,jscholar2j@e-recht24.de,China
93,Eilis,Gentery,egentery2k@engadget.com,Vietnam
94,Amby,Austins,aaustins2l@netlog.com,Portugal
95,Marcus,Rodrigues,mrodrigues2m@plala.or.jp,Philippines
96,Deedee,Theuff,dtheuff2n@behance.net,Russia
97,Anabella,Freeberne,afreeberne2o@fema.gov,Libya
98,Denny,Gress,dgress2p@webmd.com,Indonesia
99,Norby,Colquhoun,ncolquhoun2q@cisco.com,Canada
100,Emmaline,Cutbirth,ecutbirth2r@bbb.org,China
101,Deanne,Tunstall,dtunstall2s@europa.eu,Germany
102,Gordan,Lindback,glindback2t@webs.com,Czech Republic
103,Seumas,Tout,stout2u@blogs.com,Poland
104,Wainwright,Skoof,wskoof2v@elpais.com,China
105,Jens,Lapenna,jlapenna2w@hc360.com,Portugal
106,Giana,Westmorland,gwestmorland2x@51.la,Poland
107,Fritz,Gianelli,fgianelli2y@tripadvisor.com,Greece
108,Kimberly,Kinman,kkinman2z@exblog.jp,China
109,Ulrikaumeko,Dielhenn,udielhenn30@facebook.com,Japan
110,Mart,Dedden,mdedden31@shutterfly.com,Peru
111,Kerrin,Labet,klabet32@addtoany.com,China
112,Jessika,Paulsson,jpaulsson33@fema.gov,China
113,Ada,Dunsmuir,adunsmuir34@rediff.com,Croatia
114,Tannie,Bradford,tbradford35@mozilla.org,Indonesia
115,Erasmus,Larraway,elarraway36@privacy.gov.au,Luxembourg
116,Andria,Mehew,amehew37@biblegateway.com,Brazil
117,Gustavo,Hauxley,ghauxley38@jiathis.com,Comoros
118,Ring,Shilling,rshilling39@bloglovin.com,Malta
119,Natka,Rekes,nrekes3a@yandex.ru,China
120,Kaye,Shapero,kshapero3b@jimdo.com,China
121,Jeri,Emslie,jemslie3c@oracle.com,Philippines
122,Lorelei,Chugg,lchugg3d@topsy.com,Japan
123,Katine,Wickins,kwickins3e@feedburner.com,Indonesia
124,Adrianna,Glendinning,aglendinning3f@usa.gov,China
125,Forrester,Liggons,fliggons3g@ucoz.com,Iran
126,Kiley,Heijne,kheijne3h@wikia.com,China
127,Heriberto,Bail,hbail3i@xing.com,Poland
128,Gussie,Mushawe,gmushawe3j@wiley.com,Philippines
129,Michele,Lucian,mlucian3k@gizmodo.com,Indonesia
130,Justinn,Chable,jchable3l@dell.com,Japan
131,Brynn,Kuschke,bkuschke3m@behance.net,South Korea
132,Norry,Eymor,neymor3n@java.com,Bhutan
133,Rubetta,Pepperd,rpepperd3o@about.me,Russia
134,Justinian,Jankiewicz,jjankiewicz3p@cyberchimps.com,Argentina
135,Say,Reddoch,sreddoch3q@vinaora.com,Denmark
136,Noelyn,Sunners,nsunners3r@etsy.com,Brazil
137,Gwen,Borton,gborton3s@shutterfly.com,Portugal
138,Susana,Sharphouse,ssharphouse3t@admin.ch,Pakistan
139,Dulce,Riccardini,driccardini3u@wiley.com,Russia
140,Allin,Olner,aolner3v@bbc.co.uk,Indonesia
141,Felice,Huskinson,fhuskinson3w@wiley.com,Venezuela
142,Augustine,Wadwell,awadwell3x@usnews.com,United Kingdom
143,Mabelle,Habin,mhabin3y@bizjournals.com,China
144,Corliss,Skinley,cskinley3z@answers.com,Brazil
145,Alwyn,Callard,acallard40@umich.edu,China
146,Christoffer,Layson,clayson41@prnewswire.com,Netherlands
147,Sayers,Eam,seam42@about.me,Indonesia
148,Eleonore,Schimke,eschimke43@wisc.edu,Luxembourg
149,Neel,Eilhertsen,neilhertsen44@jalbum.net,China
150,Domingo,Force,dforce45@reverbnation.com,China
151,Taite,Meriott,tmeriott46@uiuc.edu,China
152,Theo,Sambeck,tsambeck47@github.io,Indonesia
153,Lianna,Whitley,lwhitley48@multiply.com,Afghanistan
154,Newton,Gredden,ngredden49@auda.org.au,Sweden
155,Stephannie,Whitland,swhitland4a@multiply.com,Indonesia
156,Aurelia,Rapson,arapson4b@hhs.gov,Greece
157,Theressa,Rosita,trosita4c@usatoday.com,Spain
158,Bobbye,Gullefant,bgullefant4d@t-online.de,Chile
159,Jodee,Foulgham,jfoulgham4e@oracle.com,France
160,Lani,Fullylove,lfullylove4f@archive.org,Argentina
161,Ninetta,Jaycocks,njaycocks4g@nature.com,Russia
162,Pat,Ruggier,pruggier4h@huffingtonpost.com,Russia
163,Ricki,Buske,rbuske4i@sun.com,Spain
164,Karola,Bonnette,kbonnette4j@mayoclinic.com,Philippines
165,Wenonah,Lindroos,wlindroos4k@oaic.gov.au,Kazakhstan
166,Deerdre,Rylett,drylett4l@google.es,Indonesia
167,Sophia,McAree,smcaree4m@ucla.edu,Finland
168,Tally,Cadle,tcadle4n@amazon.co.uk,Indonesia
169,Fina,Feldhammer,ffeldhammer4o@miitbeian.gov.cn,Czech Republic
170,Laure,Skillman,lskillman4p@businesswire.com,Micronesia
171,Bartram,Vaggs,bvaggs4q@wikia.com,China
172,Winny,Rosenau,wrosenau4r@telegraph.co.uk,Kenya
173,Lani,Haulkham,lhaulkham4s@moonfruit.com,Indonesia
174,Nicole,MacKellen,nmackellen4t@tripadvisor.com,United States
175,Dory,Sewley,dsewley4u@cam.ac.uk,United States
176,Erica,Kayes,ekayes4v@list-manage.com,Indonesia
177,Bryna,Measen,bmeasen4w@boston.com,Sweden
178,Lianna,Vokins,lvokins4x@irs.gov,Nigeria
179,Toiboid,Fourman,tfourman4y@addthis.com,Mauritius
180,Liane,Culver,lculver4z@phpbb.com,Greece
181,Becky,Morcom,bmorcom50@chicagotribune.com,Benin
182,Natalina,Brotherheed,nbrotherheed51@seesaa.net,Philippines
183,Giorgi,Antonich,gantonich52@opensource.org,Kyrgyzstan
184,Aldric,Bumpass,abumpass53@pagesperso-orange.fr,China
185,Nady,Symson,nsymson54@google.co.jp,China
186,Sholom,Latty,slatty55@walmart.com,Ukraine
187,Tiffy,Dubery,tdubery56@scribd.com,Netherlands
188,Kaylyn,Jarret,kjarret57@slate.com,China
189,Agnese,Fortun,afortun58@netvibes.com,South Africa
190,Krishnah,Deakin,kdeakin59@arizona.edu,Brazil
191,Orelee,McGaugan,omcgaugan5a@intel.com,Philippines
192,Bessy,Tassell,btassell5b@nationalgeographic.com,Indonesia
193,Reyna,Blakeway,rblakeway5c@msu.edu,France
194,Donn,Mcimmie,dmcimmie5d@google.ca,Malaysia
195,Melisenda,Dunbabin,mdunbabin5e@unblog.fr,Brazil
196,Nicole,Leedal,nleedal5f@apple.com,Mongolia
197,Hendrik,Carthew,hcarthew5g@mac.com,Poland
198,Nefen,Quainton,nquainton5h@icq.com,Belarus
199,Adler,Kobiera,akobiera5i@ask.com,China
200,Isidore,Biernat,ibiernat5j@timesonline.co.uk,Guatemala
201,Eve,Sonner,esonner5k@mtv.com,Canada
202,Cort,Bramsen,cbramsen5l@go.com,China
203,Keir,Blanckley,kblanckley5m@springer.com,Sweden
204,Dell,Aldham,daldham5n@jigsy.com,France
205,Care,Kenworthey,ckenworthey5o@uiuc.edu,Brazil
206,Suzanne,Criag,scriag5p@house.gov,Colombia
207,Lucilia,Suckling,lsuckling5q@cbsnews.com,Bangladesh
208,Ulla,Trusty,utrusty5r@moonfruit.com,China
209,Amalie,Cullin,acullin5s@usda.gov,North Korea
210,Preston,Scullion,pscullion5t@oaic.gov.au,China
211,Lonny,Mc Comb,lmccomb5u@eventbrite.com,Argentina
212,Devin,Churchill,dchurchill5v@t.co,Indonesia
213,Lolly,Pena,lpena5w@google.fr,China
214,Florry,Grills,fgrills5x@gov.uk,China
215,Atlante,Bedson,abedson5y@themeforest.net,Ukraine
216,Dalia,Segrott,dsegrott5z@fc2.com,China
217,Uriah,Jeaycock,ujeaycock60@wikimedia.org,China
218,Irvin,Vivien,ivivien61@simplemachines.org,United States
219,Terry,Cussons,tcussons62@zdnet.com,China
220,Luther,Puddefoot,lpuddefoot63@ezinearticles.com,Nigeria
221,Donaugh,Northin,dnorthin64@twitpic.com,Japan
222,Shelley,Heinlein,sheinlein65@reverbnation.com,Norway
223,Phillipe,Keatley,pkeatley66@exblog.jp,China
224,Raymund,Coleborn,rcoleborn67@whitehouse.gov,Philippines
225,Rudolph,Brumbye,rbrumbye68@opensource.org,Iran
226,Ali,Drejer,adrejer69@oracle.com,Indonesia
227,Stacee,Glaves,sglaves6a@ow.ly,Thailand
228,Hermy,Margarson,hmargarson6b@disqus.com,Portugal
229,Roland,Craster,rcraster6c@simplemachines.org,Uzbekistan
230,Wiatt,Phoebe,wphoebe6d@hp.com,Guatemala
231,Temple,Ewart,tewart6e@elpais.com,Latvia
232,Christian,Marjanski,cmarjanski6f@amazon.co.uk,Bangladesh
233,Irvin,Dalgliesh,idalgliesh6g@nydailynews.com,Indonesia
234,Iolande,Januszkiewicz,ijanuszkiewicz6h@mapquest.com,Nepal
235,Philis,McClosh,pmcclosh6i@ehow.com,Ireland
236,Helsa,Boulding,hboulding6j@walmart.com,China
237,Caril,Cheal,ccheal6k@angelfire.com,Serbia
238,Sheelah,Muge,smuge6l@aol.com,Russia
239,Malinde,Hanalan,mhanalan6m@blogspot.com,Japan
240,Nessie,Pitcaithly,npitcaithly6n@tumblr.com,Mauritius
241,Thoma,Otter,totter6o@yolasite.com,Brazil
242,Masha,Matityahu,mmatityahu6p@mozilla.org,China
243,Chev,Naylor,cnaylor6q@narod.ru,Portugal
244,Henderson,Skaid,hskaid6r@hexun.com,Canada
245,Garik,Todman,gtodman6s@timesonline.co.uk,Ethiopia
246,Etheline,Montel,emontel6t@google.fr,Philippines
247,Bary,Ruske,bruske6u@fema.gov,Poland
248,Glynn,Loram,gloram6v@issuu.com,Malaysia
249,Winifred,Nellis,wnellis6w@sakura.ne.jp,China
250,Pierce,Froome,pfroome6x@ameblo.jp,China
251,Wolfie,Sames,wsames6y@newsvine.com,Senegal
252,Pamelina,Londer,plonder6z@ezinearticles.com,Albania
253,Fancy,Jerisch,fjerisch70@yellowpages.com,Syria
254,Vanya,Percy,vpercy71@bloglines.com,China
255,Eugenie,Toward,etoward72@wikia.com,Indonesia
256,Ivy,Franz-Schoninger,ifranzschoninger73@storify.com,Venezuela
257,La verne,Doucette,ldoucette74@cnet.com,Mongolia
258,Joellen,Madill,jmadill75@dedecms.com,Poland
259,Arni,Burland,aburland76@vkontakte.ru,China
260,Merv,Brewood,mbrewood77@telegraph.co.uk,Indonesia
261,Vito,Guerrero,vguerrero78@columbia.edu,Indonesia
262,Kimble,Neller,kneller79@usatoday.com,Kazakhstan
263,Isadore,Whybray,iwhybray7a@yahoo.co.jp,Mexico
264,Jermaine,Tatam,jtatam7b@wordpress.org,Poland
265,Emmanuel,Fenny,efenny7c@phoca.cz,Indonesia
266,Robin,Fetherstan,rfetherstan7d@yale.edu,United States
267,Cher,Birdall,cbirdall7e@chron.com,Portugal
268,Simon,Oseman,soseman7f@dailymail.co.uk,Indonesia
269,Normy,Schule,nschule7g@ovh.net,Brazil
270,Taylor,Janout,tjanout7h@istockphoto.com,Indonesia
271,Tarrance,Smye,tsmye7i@freewebs.com,Greece
272,Catlee,Shadbolt,cshadbolt7j@alibaba.com,Israel
273,Annabell,Yanne,ayanne7k@stanford.edu,China
274,Yorgo,Sapshed,ysapshed7l@plala.or.jp,China
275,Dunn,MacCart,dmaccart7m@adobe.com,Luxembourg
276,Tulley,Elles,telles7n@behance.net,Colombia
277,Melody,Ornelas,mornelas7o@usgs.gov,Indonesia
278,Nefen,Keeri,nkeeri7p@weather.com,China
279,Marylynne,Cossons,mcossons7q@xrea.com,Cuba
280,Babs,Drewes,bdrewes7r@cbc.ca,Indonesia
281,Mina,Wrigglesworth,mwrigglesworth7s@mapy.cz,Philippines
282,Lelia,Leebeter,lleebeter7t@de.vu,Poland
283,Binny,Angell,bangell7u@amazon.co.jp,Czech Republic
284,Randie,Bennington,rbennington7v@issuu.com,Brazil
285,Rhett,Semens,rsemens7w@tumblr.com,Ukraine
286,Drugi,Laddle,dladdle7x@europa.eu,Czech Republic
287,Esteban,Gant,egant7y@hc360.com,Paraguay
288,Debora,Egdal,degdal7z@webeden.co.uk,Portugal
289,Jemie,Leverington,jleverington80@smh.com.au,China
290,Erin,Delion,edelion81@blinklist.com,Japan
291,Margareta,Avramow,mavramow82@t.co,Thailand
292,Glory,Blaydon,gblaydon83@umn.edu,Philippines
293,Eric,Dan,edan84@creativecommons.org,Russia
294,Jana,Pearsall,jpearsall85@latimes.com,Nepal
295,Clywd,Fonso,cfonso86@arizona.edu,Sweden
296,Samaria,Sealand,ssealand87@home.pl,Russia
297,Iain,Barrell,ibarrell88@sogou.com,China
298,Aggie,Kinsell,akinsell89@marketwatch.com,China
299,Athena,Kluge,akluge8a@imdb.com,Vietnam
300,Eve,Mugleston,emugleston8b@uol.com.br,Morocco
301,Mathe,Spurrett,mspurrett8c@admin.ch,China
302,Doll,Stapley,dstapley8d@toplist.cz,Azerbaijan
303,Josi,Wilcock,jwilcock8e@netscape.com,Peru
304,Mordy,Debill,mdebill8f@goo.gl,Indonesia
305,Henrieta,Pughsley,hpughsley8g@bbb.org,Sweden
306,Samaria,Bealing,sbealing8h@cafepress.com,Indonesia
307,Matteo,Lightman,mlightman8i@uol.com.br,Philippines
308,Kele,Grishenkov,kgrishenkov8j@comcast.net,China
309,Phyllys,Champley,pchampley8k@wsj.com,Vietnam
310,Alexei,Anwyl,aanwyl8l@mozilla.org,Canada
311,Hunter,Tetlow,htetlow8m@nytimes.com,Portugal
312,Eward,Arrighini,earrighini8n@europa.eu,China
313,Garvin,Albutt,galbutt8o@oaic.gov.au,South Korea
314,Cyrillus,Hurich,churich8p@mysql.com,Brazil
315,Jeni,Cohani,jcohani8q@prnewswire.com,Indonesia
316,Stoddard,Garnsey,sgarnsey8r@apple.com,Faroe Islands
317,Betteanne,Kirby,bkirby8s@ning.com,Ukraine
318,Elset,Loveland,eloveland8t@jugem.jp,Indonesia
319,Lucien,Hiley,lhiley8u@ning.com,Czech Republic
320,Winny,Bayles,wbayles8v@tripadvisor.com,Indonesia
321,Jorie,Vondrach,jvondrach8w@blog.com,Philippines
322,Jada,Clymer,jclymer8x@accuweather.com,China
323,Rodolphe,Pound,rpound8y@skyrock.com,Indonesia
324,Toby,O'Hickee,tohickee8z@webs.com,China
325,Ida,Coxen,icoxen90@fotki.com,Indonesia
326,Ruthie,Culshaw,rculshaw91@dailymotion.com,Uganda
327,Trista,Glendinning,tglendinning92@jigsy.com,China
328,Westbrooke,Spohrmann,wspohrmann93@nytimes.com,Greece
329,Yuma,Cristea,ycristea94@themeforest.net,Ukraine
330,Abbey,Maskill,amaskill95@1und1.de,Croatia
331,Tedd,Windrass,twindrass96@earthlink.net,Honduras
332,Kassey,Cowton,kcowton97@nps.gov,Sweden
333,Granthem,Layus,glayus98@vk.com,Peru
334,Jarvis,MacClenan,jmacclenan99@webnode.com,China
335,Penrod,Spurden,pspurden9a@hhs.gov,Ireland
336,Ag,Everton,aeverton9b@ox.ac.uk,Indonesia
337,Dalia,Wroth,dwroth9c@a8.net,China
338,Evvy,Colliard,ecolliard9d@globo.com,China
339,Riva,De Beneditti,rdebeneditti9e@trellian.com,Norway
340,Marlee,Slocket,mslocket9f@pen.io,China
341,Robinet,Ouver,rouver9g@uol.com.br,Ukraine
342,Kerr,Bingley,kbingley9h@google.com.hk,Philippines
343,Anastasie,Wiltshire,awiltshire9i@quantcast.com,Mexico
344,Damaris,Armes,darmes9j@wp.com,China
345,Daren,Addinall,daddinall9k@imageshack.us,Greece
346,Grata,Ansett,gansett9l@time.com,Indonesia
347,Teresita,Swine,tswine9m@bbc.co.uk,Kazakhstan
348,Lissi,Lowless,llowless9n@posterous.com,Iraq
349,Rustin,Armit,rarmit9o@is.gd,Poland
350,Ferdie,Wissby,fwissby9p@feedburner.com,Iran
351,Bartholomeus,Bernhard,bbernhard9q@google.co.jp,China
352,Kynthia,Dunniom,kdunniom9r@360.cn,Brazil
353,Burch,Pim,bpim9s@taobao.com,China
354,Tommi,Gillingham,tgillingham9t@pen.io,Jordan
355,Mal,Ambrogioni,mambrogioni9u@artisteer.com,China
356,Zea,Grigaut,zgrigaut9v@simplemachines.org,China
357,Morna,Syddon,msyddon9w@spiegel.de,China
358,Rolando,McVeigh,rmcveigh9x@webeden.co.uk,France
359,Bessie,Josef,bjosef9y@springer.com,Finland
360,Erna,Skegg,eskegg9z@networksolutions.com,China
361,Brittany,Rouby,broubya0@privacy.gov.au,Czech Republic
362,Lurlene,Oehme,loehmea1@wunderground.com,United States
363,Petrina,Praundlin,ppraundlina2@unesco.org,China
364,Tabbie,Derkes,tderkesa3@yahoo.co.jp,Panama
365,Claiborn,Vern,cverna4@phpbb.com,China
366,Amity,Measham,ameashama5@va.gov,Philippines
367,Lynsey,Marns,lmarnsa6@redcross.org,China
368,Philippine,Gullefant,pgullefanta7@java.com,United Kingdom
369,Carlo,Colbran,ccolbrana8@reuters.com,China
370,Edouard,Gillespey,egillespeya9@va.gov,Italy
371,Alyson,Desporte,adesporteaa@google.es,Ukraine
372,Clarabelle,Mettetal,cmettetalab@nih.gov,Slovenia
373,Abramo,Kadar,akadarac@nytimes.com,Indonesia
374,Marty,Cabrera,mcabreraad@gizmodo.com,China
375,Rhona,Seargeant,rseargeantae@blogspot.com,Philippines
376,Jae,Sherington,jsheringtonaf@thetimes.co.uk,Philippines
377,Myrtie,Maher,mmaherag@opera.com,Russia
378,Bradley,Bonar,bbonarah@i2i.jp,China
379,Cassey,Cleworth,ccleworthai@t-online.de,Equatorial Guinea
380,Rodi,Dillet,rdilletaj@pbs.org,Benin
381,Stormy,Derricoat,sderricoatak@zimbio.com,China
382,Burke,Wrightson,bwrightsonal@ihg.com,Sweden
383,Gail,Ricards,gricardsam@accuweather.com,Malaysia
384,Cesar,McArd,cmcardan@answers.com,China
385,Averil,Pendered,apenderedao@pbs.org,Philippines
386,Karilynn,Hillhouse,khillhouseap@jalbum.net,China
387,Matteo,Emor,memoraq@mediafire.com,China
388,Jobey,Giddins,jgiddinsar@google.fr,Japan
389,Kile,Korfmann,kkorfmannas@phpbb.com,Poland
390,Derek,Camm,dcammat@digg.com,Mali
391,Veronica,Stitt,vstittau@upenn.edu,Ireland
392,Kate,Ahmad,kahmadav@hugedomains.com,Indonesia
393,Cheri,Cowdry,ccowdryaw@noaa.gov,Nigeria
394,Ekaterina,Indgs,eindgsax@mapquest.com,Mongolia
395,Cindelyn,Calbaithe,ccalbaitheay@posterous.com,Canada
396,Isadora,Janca,ijancaaz@odnoklassniki.ru,China
397,Haleigh,Verrechia,hverrechiab0@usnews.com,Vietnam
398,Aubine,Hulstrom,ahulstromb1@histats.com,Colombia
399,Borg,Billyard,bbillyardb2@google.ru,China
400,Corri,Roseaman,croseamanb3@unesco.org,Indonesia
401,Donnie,Byres,dbyresb4@facebook.com,Peru
402,Amye,Stoffel,astoffelb5@freewebs.com,Russia
403,Ana,Anton,aantonb6@ameblo.jp,United States
404,Fowler,Von Gladbach,fvongladbachb7@nifty.com,China
405,Arte,Cantillion,acantillionb8@nytimes.com,Poland
406,Danila,Glamart,dglamartb9@hatena.ne.jp,Syria
407,Sadye,Loosmore,sloosmoreba@netlog.com,China
408,Bogart,Poundford,bpoundfordbb@stumbleupon.com,China
409,Thorstein,Philliphs,tphilliphsbc@goo.ne.jp,Ethiopia
410,Vi,McReidy,vmcreidybd@state.tx.us,Indonesia
411,Mollee,Daley,mdaleybe@weather.com,Russia
412,Mendel,Cathro,mcathrobf@acquirethisname.com,China
413,Mariellen,Oldham,moldhambg@hao123.com,Kenya
414,Hewitt,Kevane,hkevanebh@nyu.edu,China
415,Chad,Attrie,cattriebi@rakuten.co.jp,Poland
416,Nesta,Bines,nbinesbj@usatoday.com,Greece
417,Hendrika,Rean,hreanbk@webs.com,China
418,Galina,Beales,gbealesbl@smh.com.au,Armenia
419,Ashbey,Ecclestone,aecclestonebm@bloglines.com,Nigeria
420,Reed,Giacaponi,rgiacaponibn@princeton.edu,China
421,Dory,McColgan,dmccolganbo@rediff.com,China
422,Field,Takkos,ftakkosbp@netvibes.com,Nigeria
423,Adelaida,Golton,agoltonbq@slashdot.org,Philippines
424,Skelly,Fussie,sfussiebr@nbcnews.com,Kenya
425,Audry,De Cristoforo,adecristoforobs@dion.ne.jp,Indonesia
426,Cate,Voyce,cvoycebt@storify.com,Tajikistan
427,Cariotta,Wistance,cwistancebu@scribd.com,China
428,Huntley,Lovell,hlovellbv@auda.org.au,Sweden
429,Margarete,Braley,mbraleybw@techcrunch.com,Hungary
430,Raquel,Laminman,rlaminmanbx@ihg.com,China
431,Fredrika,Brewett,fbrewettby@cnn.com,Canada
432,Ginger,Hovie,ghoviebz@google.co.uk,Switzerland
433,Tyson,Kornilov,tkornilovc0@so-net.ne.jp,Netherlands
434,Yule,Petren,ypetrenc1@baidu.com,China
435,Madalena,Rispen,mrispenc2@trellian.com,Russia
436,Quillan,Beynkn,qbeynknc3@nature.com,Norway
437,Merwyn,Draye,mdrayec4@mail.ru,China
438,Junie,Carlisi,jcarlisic5@businessweek.com,Russia
439,Darcey,Rockwell,drockwellc6@jalbum.net,Czech Republic
440,Rainer,Lusted,rlustedc7@123-reg.co.uk,Indonesia
441,Pavel,Bernadzki,pbernadzkic8@wikia.com,Philippines
442,Wandie,Moxon,wmoxonc9@va.gov,Poland
443,Locke,Karpe,lkarpeca@imgur.com,China
444,Rudie,Swains,rswainscb@berkeley.edu,Ireland
445,Kane,Pighills,kpighillscc@newsvine.com,Philippines
446,Tann,Blanque,tblanquecd@com.com,South Africa
447,Iris,Trousdale,itrousdalece@cnet.com,Syria
448,Jaquelin,Fernez,jfernezcf@ning.com,China
449,Giffer,Abbiss,gabbisscg@auda.org.au,Indonesia
450,Mab,Argyle,margylech@skype.com,Sweden
451,Nelson,Pattisson,npattissonci@4shared.com,Poland
452,Petrina,Meechan,pmeechancj@earthlink.net,Russia
453,Si,Loudwell,sloudwellck@webeden.co.uk,France
454,Constantina,Hounsome,chounsomecl@globo.com,Peru
455,Nadia,Albrooke,nalbrookecm@purevolume.com,Sweden
456,Tremayne,Gadd,tgaddcn@tiny.cc,Bangladesh
457,Ray,Laverty,rlavertyco@gov.uk,Philippines
458,Patsy,McLelland,pmclellandcp@washingtonpost.com,Philippines
459,Rafaelita,Palffrey,rpalffreycq@tmall.com,Poland
460,Xenia,Hamlet,xhamletcr@si.edu,Nigeria
461,Dur,Jarad,djaradcs@reference.com,Nicaragua
462,Estevan,Nizard,enizardct@bizjournals.com,Philippines
463,Elfrida,Risen,erisencu@mapquest.com,China
464,Delinda,Garaway,dgarawaycv@symantec.com,Vietnam
465,Ware,Sirett,wsirettcw@github.com,Dominican Republic
466,Milty,Zecchi,mzecchicx@kickstarter.com,China
467,Corilla,Quinnelly,cquinnellycy@woothemes.com,China
468,Norri,Tatnell,ntatnellcz@smh.com.au,Palestinian Territory
469,Alf,Neljes,aneljesd0@instagram.com,Bangladesh
470,Salem,Coutthart,scoutthartd1@washington.edu,China
471,Fairleigh,Holdey,fholdeyd2@dagondesign.com,Portugal
472,Rutter,Dodsworth,rdodsworthd3@aboutads.info,China
473,Wat,Jobe,wjobed4@altervista.org,China
474,Hanna,Belitz,hbelitzd5@cnet.com,Sweden
475,Eloisa,Esel,eeseld6@quantcast.com,Indonesia
476,Davine,Spirritt,dspirrittd7@friendfeed.com,China
477,Toby,Bleacher,tbleacherd8@ifeng.com,Senegal
478,Ralph,Eilers,reilersd9@domainmarket.com,Philippines
479,Aurel,Bartolommeo,abartolommeoda@unc.edu,Venezuela
480,Eben,Madsen,emadsendb@paginegialle.it,South Africa
481,Dorey,Groneway,dgronewaydc@newyorker.com,Poland
482,Joya,Rosentholer,jrosentholerdd@go.com,Philippines
483,Thain,Primrose,tprimrosede@flickr.com,Germany
484,Millard,Exposito,mexpositodf@alexa.com,Japan
485,Kincaid,Challace,kchallacedg@opensource.org,Canada
486,Abie,Skinner,askinnerdh@trellian.com,Ukraine
487,Maddie,Lodo,mlododi@amazon.co.jp,Indonesia
488,Tera,Game,tgamedj@sakura.ne.jp,Indonesia
489,Willy,Fern,wferndk@mlb.com,Philippines
490,West,Rawlingson,wrawlingsondl@toplist.cz,Norway
491,Jorge,Bungey,jbungeydm@e-recht24.de,Indonesia
492,Hedvige,Domenico,hdomenicodn@state.tx.us,Russia
493,Noell,Peare,npearedo@reference.com,Brazil
494,Guinna,Dufaire,gdufairedp@wp.com,Uganda
495,Georgie,Yepiskov,gyepiskovdq@merriam-webster.com,China
496,Farlie,Bottrell,fbottrelldr@cbc.ca,China
497,Dominik,Ockwell,dockwellds@hud.gov,Indonesia
498,Corbett,Way,cwaydt@wunderground.com,Tanzania
499,Jermaine,Kocher,jkocherdu@sciencedaily.com,China
500,Temple,Sked,tskeddv@addthis.com,Indonesia
